icao,name
ABR,ASL Airlines Ireland
ABW,AirBridgeCargo
ABX,ABX Air
ADB,Antonov Airlines
AER,Alaska Central Express
AHK,Air Hong Kong
AJT,Amerijet International
ATN,Air Transport International
AZG,Silk Way West Airlines
BCS,European Air Transport
BOX,AeroLogic
CAO,Air China Cargo
CKK,China Cargo Airlines
CKS,Kalitta Air
CLX,Cargolux
CSS,SF Airlines
DAE,DHL Aero Expreso
DHK,DHL Air UK
FDX,FedEx Express
GEC,Lufthansa Cargo
GTI,Atlas Air
ICV,Cargolux Italia
KYE,Sky Lease Cargo
LCO,LATAM Cargo Chile
MPH,Martinair
NCA,Nippon Cargo Airlines
NPT,West Atlantic UK
PAC,Polar Air Cargo
SOO,Southern Air
SQC,Singapore Airlines Cargo
SWN,West Atlantic Sweden
TAY,ASL Airlines Belgium
TMN,Tasman Cargo Airlines
UPS,UPS Airlines
VDA,Volga-Dnepr Airlines
WGN,Western Global Airlines
YZR,Yangtze River Express
